REF_AREA,Reference area,UNIT_MEASURE,Unit of measure,TIME_PERIOD,OBS_VALUE
AUT,Austria,10P3HB,Per 1 000 inhabitants,2015,50.82
AUT,Austria,10P3HB,Per 1 000 inhabitants,2014,49.84
AUT,Austria,10P3HB,Per 1 000 inhabitants,2013,49.54
AUT,Austria,10P3HB,Per 1 000 inhabitants,2012,49.22
AUT,Austria,10P3HB,Per 1 000 inhabitants,2011,48.55
AUT,Austria,10P3HB,Per 1 000 inhabitants,2010,47.87
AUT,Austria,10P3HB,Per 1 000 inhabitants,2009,46.36
AUT,Austria,10P3HB,Per 1 000 inhabitants,2008,44.94
AUT,Austria,10P3HB,Per 1 000 inhabitants,2007,44.02
AUT,Austria,10P3HB,Per 1 000 inhabitants,2006,43.16
AUT,Austria,10P3HB,Per 1 000 inhabitants,2005,42.09
AUT,Austria,10P3HB,Per 1 000 inhabitants,2004,41.43
AUT,Austria,10P3HB,Per 1 000 inhabitants,2003,40.65
AUT,Austria,10P3HB,Per 1 000 inhabitants,2002,39.76
AUT,Austria,10P3HB,Per 1 000 inhabitants,2001,38.83
AUT,Austria,10P3HB,Per 1 000 inhabitants,2000,37.6
AUS,Australia,10P3HB,Per 1 000 inhabitants,2011,59.6
AUS,Australia,10P3HB,Per 1 000 inhabitants,2010,57.5
AUS,Australia,10P3HB,Per 1 000 inhabitants,2009,55.82
AUS,Australia,10P3HB,Per 1 000 inhabitants,2008,56.1
AUS,Australia,10P3HB,Per 1 000 inhabitants,2007,52.87
AUS,Australia,10P3HB,Per 1 000 inhabitants,2006,52.61
AUS,Australia,10P3HB,Per 1 000 inhabitants,2005,52.62
AUS,Australia,10P3HB,Per 1 000 inhabitants,2004,49.02
AUS,Australia,10P3HB,Per 1 000 inhabitants,2003,48.25
AUS,Australia,10P3HB,Per 1 000 inhabitants,2002,46.68
AUS,Australia,10P3HB,Per 1 000 inhabitants,2001,46.78
AUS,Australia,10P3HB,Per 1 000 inhabitants,2000,46.9
AUS,Australia,10P3HB,Per 1 000 inhabitants,1999,44.72
AUS,Australia,10P3HB,Per 1 000 inhabitants,1998,42.88
AUS,Australia,10P3HB,Per 1 000 inhabitants,2017,68.02
AUS,Australia,10P3HB,Per 1 000 inhabitants,2016,67.49
AUS,Australia,10P3HB,Per 1 000 inhabitants,2015,65.84
AUS,Australia,10P3HB,Per 1 000 inhabitants,2014,62.99
AUS,Australia,10P3HB,Per 1 000 inhabitants,2013,59.83
AUS,Australia,10P3HB,Per 1 000 inhabitants,2012,60.36
HRV,Croatia,10P3HB,Per 1 000 inhabitants,2006,19
HRV,Croatia,10P3HB,Per 1 000 inhabitants,2005,18.72
HRV,Croatia,10P3HB,Per 1 000 inhabitants,2004,18.64
DNK,Denmark,10P3HB,Per 1 000 inhabitants,1970,33.48
DNK,Denmark,10P3HB,Per 1 000 inhabitants,1969,31.28
DNK,Denmark,10P3HB,Per 1 000 inhabitants,1968,29.6
DNK,Denmark,10P3HB,Per 1 000 inhabitants,1967,28.13
DNK,Denmark,10P3HB,Per 1 000 inhabitants,1966,26.47
DNK,Denmark,10P3HB,Per 1 000 inhabitants,1986,76.94
DNK,Denmark,10P3HB,Per 1 000 inhabitants,1985,75.87
DNK,Denmark,10P3HB,Per 1 000 inhabitants,1984,74.14
DNK,Denmark,10P3HB,Per 1 000 inhabitants,1983,75.48
DNK,Denmark,10P3HB,Per 1 000 inhabitants,1982,74.83
DNK,Denmark,10P3HB,Per 1 000 inhabitants,1981,70.87
DNK,Denmark,10P3HB,Per 1 000 inhabitants,1980,68.51
DNK,Denmark,10P3HB,Per 1 000 inhabitants,1979,64.49
DNK,Denmark,10P3HB,Per 1 000 inhabitants,1978,60.15
DNK,Denmark,10P3HB,Per 1 000 inhabitants,1977,56.21
DNK,Denmark,10P3HB,Per 1 000 inhabitants,1976,54.6
DNK,Denmark,10P3HB,Per 1 000 inhabitants,1975,52.57
DNK,Denmark,10P3HB,Per 1 000 inhabitants,1974,49.75
DNK,Denmark,10P3HB,Per 1 000 inhabitants,1973,45.8
DNK,Denmark,10P3HB,Per 1 000 inhabitants,1972,42.67
DNK,Denmark,10P3HB,Per 1 000 inhabitants,2019,90.13
DNK,Denmark,10P3HB,Per 1 000 inhabitants,2018,89.46
DNK,Denmark,10P3HB,Per 1 000 inhabitants,2017,88.7
DNK,Denmark,10P3HB,Per 1 000 inhabitants,2016,88.4
DNK,Denmark,10P3HB,Per 1 000 inhabitants,2015,89.12
DNK,Denmark,10P3HB,Per 1 000 inhabitants,2014,90.07
DNK,Denmark,10P3HB,Per 1 000 inhabitants,2013,91.1
DNK,Denmark,10P3HB,Per 1 000 inhabitants,2012,90.75
DNK,Denmark,10P3HB,Per 1 000 inhabitants,2011,92.15
DNK,Denmark,10P3HB,Per 1 000 inhabitants,2010,94.34
DNK,Denmark,10P3HB,Per 1 000 inhabitants,2009,94.22
DNK,Denmark,10P3HB,Per 1 000 inhabitants,2008,92.18
DNK,Denmark,10P3HB,Per 1 000 inhabitants,2007,92.91
DNK,Denmark,10P3HB,Per 1 000 inhabitants,2006,92.73
DNK,Denmark,10P3HB,Per 1 000 inhabitants,2005,91.77
DNK,Denmark,10P3HB,Per 1 000 inhabitants,2004,91.28
DNK,Denmark,10P3HB,Per 1 000 inhabitants,2003,91.7
DNK,Denmark,10P3HB,Per 1 000 inhabitants,2002,91.37
DNK,Denmark,10P3HB,Per 1 000 inhabitants,2001,90.94
DNK,Denmark,10P3HB,Per 1 000 inhabitants,2000,89.38
DNK,Denmark,10P3HB,Per 1 000 inhabitants,1999,88.74
DNK,Denmark,10P3HB,Per 1 000 inhabitants,1998,88.47
DNK,Denmark,10P3HB,Per 1 000 inhabitants,1997,86.3
DNK,Denmark,10P3HB,Per 1 000 inhabitants,1996,84.38
DNK,Denmark,10P3HB,Per 1 000 inhabitants,1995,83.78
DNK,Denmark,10P3HB,Per 1 000 inhabitants,1994,84.73
DNK,Denmark,10P3HB,Per 1 000 inhabitants,1993,84.79
DNK,Denmark,10P3HB,Per 1 000 inhabitants,1992,85.48
DNK,Denmark,10P3HB,Per 1 000 inhabitants,1991,85.37
DNK,Denmark,10P3HB,Per 1 000 inhabitants,1990,86.36
DNK,Denmark,10P3HB,Per 1 000 inhabitants,1989,83.58
DNK,Denmark,10P3HB,Per 1 000 inhabitants,1988,83.24
DNK,Denmark,10P3HB,Per 1 000 inhabitants,1987,79.19
DNK,Denmark,10P3HB,Per 1 000 inhabitants,2022,95.58
DNK,Denmark,10P3HB,Per 1 000 inhabitants,2021,95.04
DNK,Denmark,10P3HB,Per 1 000 inhabitants,2020,91.33
EST,Estonia,10P3HB,Per 1 000 inhabitants,2022,34.02
EST,Estonia,10P3HB,Per 1 000 inhabitants,2021,31.09
EST,Estonia,10P3HB,Per 1 000 inhabitants,2020,30.09
AUT,Austria,10P3HB,Per 1 000 inhabitants,1999,37.24
AUT,Austria,10P3HB,Per 1 000 inhabitants,1998,37.25
AUT,Austria,10P3HB,Per 1 000 inhabitants,1997,36.72
AUT,Austria,10P3HB,Per 1 000 inhabitants,1996,35.72
AUT,Austria,10P3HB,Per 1 000 inhabitants,1995,34.71
BEL,Belgium,10P3HB,Per 1 000 inhabitants,2022,57.91
BEL,Belgium,10P3HB,Per 1 000 inhabitants,2021,57.54
BEL,Belgium,10P3HB,Per 1 000 inhabitants,2020,57.13
BEL,Belgium,10P3HB,Per 1 000 inhabitants,2019,56.53
BEL,Belgium,10P3HB,Per 1 000 inhabitants,2018,55.58
BEL,Belgium,10P3HB,Per 1 000 inhabitants,2017,54.77
BEL,Belgium,10P3HB,Per 1 000 inhabitants,2016,53.58
BEL,Belgium,10P3HB,Per 1 000 inhabitants,2015,52.54
BEL,Belgium,10P3HB,Per 1 000 inhabitants,2014,51.68
BEL,Belgium,10P3HB,Per 1 000 inhabitants,2013,51.03
BEL,Belgium,10P3HB,Per 1 000 inhabitants,2012,50.46
BEL,Belgium,10P3HB,Per 1 000 inhabitants,2011,49.65
BEL,Belgium,10P3HB,Per 1 000 inhabitants,2010,48.55
BEL,Belgium,10P3HB,Per 1 000 inhabitants,2009,47.3
BEL,Belgium,10P3HB,Per 1 000 inhabitants,2008,46.25
BEL,Belgium,10P3HB,Per 1 000 inhabitants,2007,45.51
BEL,Belgium,10P3HB,Per 1 000 inhabitants,2006,44.76
BEL,Belgium,10P3HB,Per 1 000 inhabitants,2005,44.03
BEL,Belgium,10P3HB,Per 1 000 inhabitants,2004,43.04
BEL,Belgium,10P3HB,Per 1 000 inhabitants,2003,42.19
BEL,Belgium,10P3HB,Per 1 000 inhabitants,2002,41.28
BEL,Belgium,10P3HB,Per 1 000 inhabitants,2001,40.42
BEL,Belgium,10P3HB,Per 1 000 inhabitants,2000,39.11
BEL,Belgium,10P3HB,Per 1 000 inhabitants,1999,37.73
BEL,Belgium,10P3HB,Per 1 000 inhabitants,1998,36.57
BEL,Belgium,10P3HB,Per 1 000 inhabitants,1997,35.83
BEL,Belgium,10P3HB,Per 1 000 inhabitants,1996,34.64
BEL,Belgium,10P3HB,Per 1 000 inhabitants,1995,33.92
CAN,Canada,10P3HB,Per 1 000 inhabitants,2023,64.87
CAN,Canada,10P3HB,Per 1 000 inhabitants,2022,63.71
CAN,Canada,10P3HB,Per 1 000 inhabitants,2021,62.5
CAN,Canada,10P3HB,Per 1 000 inhabitants,2020,58.2
CAN,Canada,10P3HB,Per 1 000 inhabitants,2019,59.66
CAN,Canada,10P3HB,Per 1 000 inhabitants,2018,58.84
CAN,Canada,10P3HB,Per 1 000 inhabitants,2017,58.24
CAN,Canada,10P3HB,Per 1 000 inhabitants,2016,57.85
CAN,Canada,10P3HB,Per 1 000 inhabitants,2015,57.32
CAN,Canada,10P3HB,Per 1 000 inhabitants,2014,56.08
CAN,Canada,10P3HB,Per 1 000 inhabitants,2013,55.87
CAN,Canada,10P3HB,Per 1 000 inhabitants,2012,55.32
CAN,Canada,10P3HB,Per 1 000 inhabitants,2011,55.34
CAN,Canada,10P3HB,Per 1 000 inhabitants,2010,54.9
CAN,Canada,10P3HB,Per 1 000 inhabitants,2009,54.42
CAN,Canada,10P3HB,Per 1 000 inhabitants,2008,54.02
CAN,Canada,10P3HB,Per 1 000 inhabitants,2007,53.33
CAN,Canada,10P3HB,Per 1 000 inhabitants,2006,51.22
CAN,Canada,10P3HB,Per 1 000 inhabitants,2005,50.44
CAN,Canada,10P3HB,Per 1 000 inhabitants,2004,50.72
CAN,Canada,10P3HB,Per 1 000 inhabitants,2003,50.68
CAN,Canada,10P3HB,Per 1 000 inhabitants,2002,49.64
CAN,Canada,10P3HB,Per 1 000 inhabitants,2001,48.67
CAN,Canada,10P3HB,Per 1 000 inhabitants,2000,48.22
CAN,Canada,10P3HB,Per 1 000 inhabitants,1999,46.8
CAN,Canada,10P3HB,Per 1 000 inhabitants,1998,45.66
CAN,Canada,10P3HB,Per 1 000 inhabitants,1997,44.67
CHL,Chile,10P3HB,Per 1 000 inhabitants,2015,23.8
CHL,Chile,10P3HB,Per 1 000 inhabitants,2014,22.74
CHL,Chile,10P3HB,Per 1 000 inhabitants,2013,19.79
CHL,Chile,10P3HB,Per 1 000 inhabitants,2012,20.03
CHL,Chile,10P3HB,Per 1 000 inhabitants,2011,18.68
CHL,Chile,10P3HB,Per 1 000 inhabitants,2010,17.64
AUS,Australia,10P3HB,Per 1 000 inhabitants,1997,43.7
AUS,Australia,10P3HB,Per 1 000 inhabitants,1996,41.67
AUS,Australia,10P3HB,Per 1 000 inhabitants,1995,42.16
AUS,Australia,10P3HB,Per 1 000 inhabitants,1994,41.26
AUS,Australia,10P3HB,Per 1 000 inhabitants,1993,40.47
AUS,Australia,10P3HB,Per 1 000 inhabitants,1992,38.87
AUS,Australia,10P3HB,Per 1 000 inhabitants,1991,39.01
AUS,Australia,10P3HB,Per 1 000 inhabitants,1990,40.16
AUT,Austria,10P3HB,Per 1 000 inhabitants,2022,55.57
AUT,Austria,10P3HB,Per 1 000 inhabitants,2021,55.17
AUT,Austria,10P3HB,Per 1 000 inhabitants,2020,53.21
AUT,Austria,10P3HB,Per 1 000 inhabitants,2019,52.54
AUT,Austria,10P3HB,Per 1 000 inhabitants,2018,52.71
AUT,Austria,10P3HB,Per 1 000 inhabitants,2017,52
AUT,Austria,10P3HB,Per 1 000 inhabitants,2016,51.07
FRA,France,10P3HB,Per 1 000 inhabitants,2011,56.71
FRA,France,10P3HB,Per 1 000 inhabitants,2010,55.95
FRA,France,10P3HB,Per 1 000 inhabitants,2009,55.31
FRA,France,10P3HB,Per 1 000 inhabitants,2008,54.29
FRA,France,10P3HB,Per 1 000 inhabitants,2007,53.87
FRA,France,10P3HB,Per 1 000 inhabitants,2006,52.89
FRA,France,10P3HB,Per 1 000 inhabitants,2005,51.92
FRA,France,10P3HB,Per 1 000 inhabitants,2004,50.92
FRA,France,10P3HB,Per 1 000 inhabitants,2003,50.11
FRA,France,10P3HB,Per 1 000 inhabitants,2002,49.96
FRA,France,10P3HB,Per 1 000 inhabitants,2001,49.9
FRA,France,10P3HB,Per 1 000 inhabitants,2000,50.36
FRA,France,10P3HB,Per 1 000 inhabitants,1999,50.15
FRA,France,10P3HB,Per 1 000 inhabitants,1998,49.64
FRA,France,10P3HB,Per 1 000 inhabitants,1997,48.83
FRA,France,10P3HB,Per 1 000 inhabitants,1996,47.84
FRA,France,10P3HB,Per 1 000 inhabitants,1995,46.6
FRA,France,10P3HB,Per 1 000 inhabitants,1994,45.78
FRA,France,10P3HB,Per 1 000 inhabitants,1993,44.49
FRA,France,10P3HB,Per 1 000 inhabitants,1992,43.23
FRA,France,10P3HB,Per 1 000 inhabitants,1991,42.7
FRA,France,10P3HB,Per 1 000 inhabitants,1990,43.03
FRA,France,10P3HB,Per 1 000 inhabitants,1989,42.77
FRA,France,10P3HB,Per 1 000 inhabitants,1988,41.91
FRA,France,10P3HB,Per 1 000 inhabitants,1987,41.56
FRA,France,10P3HB,Per 1 000 inhabitants,1986,40.7
FRA,France,10P3HB,Per 1 000 inhabitants,1985,40.19
FRA,France,10P3HB,Per 1 000 inhabitants,1984,39.49
FRA,France,10P3HB,Per 1 000 inhabitants,1983,38.67
FRA,France,10P3HB,Per 1 000 inhabitants,1982,38.13
FRA,France,10P3HB,Per 1 000 inhabitants,1981,37.37
FRA,France,10P3HB,Per 1 000 inhabitants,1980,36.62
FRA,France,10P3HB,Per 1 000 inhabitants,1979,36.12
FRA,France,10P3HB,Per 1 000 inhabitants,1978,35.2
FRA,France,10P3HB,Per 1 000 inhabitants,1977,35.04
FRA,France,10P3HB,Per 1 000 inhabitants,1976,34.49
FRA,France,10P3HB,Per 1 000 inhabitants,1975,33.91
FRA,France,10P3HB,Per 1 000 inhabitants,1974,33.47
FRA,France,10P3HB,Per 1 000 inhabitants,1973,33.08
FRA,France,10P3HB,Per 1 000 inhabitants,1972,32.75
FRA,France,10P3HB,Per 1 000 inhabitants,1971,32.47
FRA,France,10P3HB,Per 1 000 inhabitants,1970,32.22
FRA,France,10P3HB,Per 1 000 inhabitants,1969,31.54
FRA,France,10P3HB,Per 1 000 inhabitants,1968,30.91
FRA,France,10P3HB,Per 1 000 inhabitants,1967,30.64
FRA,France,10P3HB,Per 1 000 inhabitants,1966,30.41
FRA,France,10P3HB,Per 1 000 inhabitants,1965,29.94
FRA,France,10P3HB,Per 1 000 inhabitants,1964,29.75
FRA,France,10P3HB,Per 1 000 inhabitants,1963,29.53
DEU,Germany,10P3HB,Per 1 000 inhabitants,1996,45.8
DEU,Germany,10P3HB,Per 1 000 inhabitants,1995,44.11
DEU,Germany,10P3HB,Per 1 000 inhabitants,2022,75.9
DEU,Germany,10P3HB,Per 1 000 inhabitants,2021,75.4
DEU,Germany,10P3HB,Per 1 000 inhabitants,2020,73.87
DEU,Germany,10P3HB,Per 1 000 inhabitants,2019,72.67
DEU,Germany,10P3HB,Per 1 000 inhabitants,2018,71.45
DEU,Germany,10P3HB,Per 1 000 inhabitants,2017,70.31
DEU,Germany,10P3HB,Per 1 000 inhabitants,2016,68.99
DEU,Germany,10P3HB,Per 1 000 inhabitants,2015,67.24
DEU,Germany,10P3HB,Per 1 000 inhabitants,2014,65.66
DEU,Germany,10P3HB,Per 1 000 inhabitants,2013,64.38
DEU,Germany,10P3HB,Per 1 000 inhabitants,2012,63.24
DEU,Germany,10P3HB,Per 1 000 inhabitants,2011,61.85
DEU,Germany,10P3HB,Per 1 000 inhabitants,2010,59.61
DEU,Germany,10P3HB,Per 1 000 inhabitants,2009,58.06
CHL,Chile,10P3HB,Per 1 000 inhabitants,2019,26.54
CHL,Chile,10P3HB,Per 1 000 inhabitants,2018,25.09
CHL,Chile,10P3HB,Per 1 000 inhabitants,2017,24.21
CHL,Chile,10P3HB,Per 1 000 inhabitants,2016,22.78
COL,Colombia,10P3HB,Per 1 000 inhabitants,2020,15.42
COL,Colombia,10P3HB,Per 1 000 inhabitants,2019,18.19
COL,Colombia,10P3HB,Per 1 000 inhabitants,2018,18.31
COL,Colombia,10P3HB,Per 1 000 inhabitants,2017,18.7
COL,Colombia,10P3HB,Per 1 000 inhabitants,2016,18.39
COL,Colombia,10P3HB,Per 1 000 inhabitants,2015,18.14
COL,Colombia,10P3HB,Per 1 000 inhabitants,2022,18.7
CRI,Costa Rica,10P3HB,Per 1 000 inhabitants,2009,16.07
CRI,Costa Rica,10P3HB,Per 1 000 inhabitants,2008,14.53
CRI,Costa Rica,10P3HB,Per 1 000 inhabitants,2007,14.87
CRI,Costa Rica,10P3HB,Per 1 000 inhabitants,2006,14.74
CRI,Costa Rica,10P3HB,Per 1 000 inhabitants,2005,15.11
CRI,Costa Rica,10P3HB,Per 1 000 inhabitants,2004,12.6
CRI,Costa Rica,10P3HB,Per 1 000 inhabitants,2003,12.03
CRI,Costa Rica,10P3HB,Per 1 000 inhabitants,2002,13.34
CRI,Costa Rica,10P3HB,Per 1 000 inhabitants,2001,15.07
CRI,Costa Rica,10P3HB,Per 1 000 inhabitants,2000,13.99
CRI,Costa Rica,10P3HB,Per 1 000 inhabitants,1999,14.33
CRI,Costa Rica,10P3HB,Per 1 000 inhabitants,1998,16.4
CRI,Costa Rica,10P3HB,Per 1 000 inhabitants,1997,14.5
CRI,Costa Rica,10P3HB,Per 1 000 inhabitants,1996,14.77
CRI,Costa Rica,10P3HB,Per 1 000 inhabitants,1995,14.06
CRI,Costa Rica,10P3HB,Per 1 000 inhabitants,1994,14.94
CRI,Costa Rica,10P3HB,Per 1 000 inhabitants,1993,14.53
CRI,Costa Rica,10P3HB,Per 1 000 inhabitants,1992,14.56
CRI,Costa Rica,10P3HB,Per 1 000 inhabitants,1991,13.93
CRI,Costa Rica,10P3HB,Per 1 000 inhabitants,1990,15.83
CRI,Costa Rica,10P3HB,Per 1 000 inhabitants,1989,12.32
CRI,Costa Rica,10P3HB,Per 1 000 inhabitants,1988,13.58
CRI,Costa Rica,10P3HB,Per 1 000 inhabitants,1987,14.21
CRI,Costa Rica,10P3HB,Per 1 000 inhabitants,2022,16.53
CRI,Costa Rica,10P3HB,Per 1 000 inhabitants,2021,15.99
CRI,Costa Rica,10P3HB,Per 1 000 inhabitants,2020,16.73
CRI,Costa Rica,10P3HB,Per 1 000 inhabitants,2019,18.27
CRI,Costa Rica,10P3HB,Per 1 000 inhabitants,2018,15.11
CRI,Costa Rica,10P3HB,Per 1 000 inhabitants,2017,14.98
CRI,Costa Rica,10P3HB,Per 1 000 inhabitants,2016,14.87
CRI,Costa Rica,10P3HB,Per 1 000 inhabitants,2015,14.91
CRI,Costa Rica,10P3HB,Per 1 000 inhabitants,2014,17.42
CRI,Costa Rica,10P3HB,Per 1 000 inhabitants,2013,17.84
CRI,Costa Rica,10P3HB,Per 1 000 inhabitants,2012,16.14
CRI,Costa Rica,10P3HB,Per 1 000 inhabitants,2011,16.06
CZE,Czechia,10P3HB,Per 1 000 inhabitants,2000,24.91
CZE,Czechia,10P3HB,Per 1 000 inhabitants,1999,24.13
CZE,Czechia,10P3HB,Per 1 000 inhabitants,1998,24.34
CZE,Czechia,10P3HB,Per 1 000 inhabitants,1997,25.38
CZE,Czechia,10P3HB,Per 1 000 inhabitants,1996,26.29
CZE,Czechia,10P3HB,Per 1 000 inhabitants,1995,27.6
CZE,Czechia,10P3HB,Per 1 000 inhabitants,2015,30.99
CZE,Czechia,10P3HB,Per 1 000 inhabitants,2014,30.78
CZE,Czechia,10P3HB,Per 1 000 inhabitants,2013,30.12
CZE,Czechia,10P3HB,Per 1 000 inhabitants,2012,29.91
CZE,Czechia,10P3HB,Per 1 000 inhabitants,2011,29.47
CZE,Czechia,10P3HB,Per 1 000 inhabitants,2010,28.47
CZE,Czechia,10P3HB,Per 1 000 inhabitants,2009,28.7
CZE,Czechia,10P3HB,Per 1 000 inhabitants,2008,28.31
CZE,Czechia,10P3HB,Per 1 000 inhabitants,2007,27.49
CZE,Czechia,10P3HB,Per 1 000 inhabitants,2006,27.13
CZE,Czechia,10P3HB,Per 1 000 inhabitants,2005,26.63
CZE,Czechia,10P3HB,Per 1 000 inhabitants,2004,25.95
CZE,Czechia,10P3HB,Per 1 000 inhabitants,2003,26.87
CZE,Czechia,10P3HB,Per 1 000 inhabitants,2002,26.11
CZE,Czechia,10P3HB,Per 1 000 inhabitants,2001,25.36
CZE,Czechia,10P3HB,Per 1 000 inhabitants,2022,35.83
CZE,Czechia,10P3HB,Per 1 000 inhabitants,2021,35.89
CZE,Czechia,10P3HB,Per 1 000 inhabitants,2020,34.5
CZE,Czechia,10P3HB,Per 1 000 inhabitants,2019,33.42
CZE,Czechia,10P3HB,Per 1 000 inhabitants,2018,33.3
CZE,Czechia,10P3HB,Per 1 000 inhabitants,2017,32.52
CZE,Czechia,10P3HB,Per 1 000 inhabitants,2016,31.72
DNK,Denmark,10P3HB,Per 1 000 inhabitants,1971,37.68
ISL,Iceland,10P3HB,Per 1 000 inhabitants,2002,62.5
ISL,Iceland,10P3HB,Per 1 000 inhabitants,2001,63.51
ISL,Iceland,10P3HB,Per 1 000 inhabitants,2000,59.43
ISL,Iceland,10P3HB,Per 1 000 inhabitants,1999,61.73
ISL,Iceland,10P3HB,Per 1 000 inhabitants,1998,62.77
ISL,Iceland,10P3HB,Per 1 000 inhabitants,1997,63.1
ISL,Iceland,10P3HB,Per 1 000 inhabitants,1996,64.68
ISL,Iceland,10P3HB,Per 1 000 inhabitants,1995,65.17
ISL,Iceland,10P3HB,Per 1 000 inhabitants,1994,64.29
ISL,Iceland,10P3HB,Per 1 000 inhabitants,1993,61.74
ISL,Iceland,10P3HB,Per 1 000 inhabitants,1992,60.15
ISL,Iceland,10P3HB,Per 1 000 inhabitants,1991,59.3
IRL,Ireland,10P3HB,Per 1 000 inhabitants,2000,35.05
IRL,Ireland,10P3HB,Per 1 000 inhabitants,1999,32.42
IRL,Ireland,10P3HB,Per 1 000 inhabitants,1998,30.82
IRL,Ireland,10P3HB,Per 1 000 inhabitants,1997,31.88
IRL,Ireland,10P3HB,Per 1 000 inhabitants,1996,32.26
IRL,Ireland,10P3HB,Per 1 000 inhabitants,1995,29.91
IRL,Ireland,10P3HB,Per 1 000 inhabitants,2015,57.47
IRL,Ireland,10P3HB,Per 1 000 inhabitants,2014,56.8
IRL,Ireland,10P3HB,Per 1 000 inhabitants,2013,56.4
IRL,Ireland,10P3HB,Per 1 000 inhabitants,2012,55.9
IRL,Ireland,10P3HB,Per 1 000 inhabitants,2011,55.64
IRL,Ireland,10P3HB,Per 1 000 inhabitants,2010,55.32
IRL,Ireland,10P3HB,Per 1 000 inhabitants,2009,51.51
IRL,Ireland,10P3HB,Per 1 000 inhabitants,2008,50.41
IRL,Ireland,10P3HB,Per 1 000 inhabitants,2007,49.76
IRL,Ireland,10P3HB,Per 1 000 inhabitants,2006,48.28
IRL,Ireland,10P3HB,Per 1 000 inhabitants,2005,45.87
IRL,Ireland,10P3HB,Per 1 000 inhabitants,2004,44.36
IRL,Ireland,10P3HB,Per 1 000 inhabitants,2003,43.12
IRL,Ireland,10P3HB,Per 1 000 inhabitants,2002,40.65
IRL,Ireland,10P3HB,Per 1 000 inhabitants,2001,37.75
IRL,Ireland,10P3HB,Per 1 000 inhabitants,2021,61.28
IRL,Ireland,10P3HB,Per 1 000 inhabitants,2020,57.75
IRL,Ireland,10P3HB,Per 1 000 inhabitants,2019,58.97
IRL,Ireland,10P3HB,Per 1 000 inhabitants,2018,58.37
IRL,Ireland,10P3HB,Per 1 000 inhabitants,2017,58.48
IRL,Ireland,10P3HB,Per 1 000 inhabitants,2016,57.69
ISR,Israel,10P3HB,Per 1 000 inhabitants,2000,35.05
ISR,Israel,10P3HB,Per 1 000 inhabitants,1999,35.4
ISR,Israel,10P3HB,Per 1 000 inhabitants,1998,34.43
ISR,Israel,10P3HB,Per 1 000 inhabitants,1997,32.12
ISR,Israel,10P3HB,Per 1 000 inhabitants,1996,32.19
ISR,Israel,10P3HB,Per 1 000 inhabitants,1995,31.57
ISR,Israel,10P3HB,Per 1 000 inhabitants,2015,49.05
ISR,Israel,10P3HB,Per 1 000 inhabitants,2014,48.15
ISR,Israel,10P3HB,Per 1 000 inhabitants,2013,45.8
ISR,Israel,10P3HB,Per 1 000 inhabitants,2012,44.78
ISR,Israel,10P3HB,Per 1 000 inhabitants,2011,41.32
ISR,Israel,10P3HB,Per 1 000 inhabitants,2010,41.27
ISR,Israel,10P3HB,Per 1 000 inhabitants,2009,40.03
ISR,Israel,10P3HB,Per 1 000 inhabitants,2008,39.48
ISR,Israel,10P3HB,Per 1 000 inhabitants,2007,38.89
ISR,Israel,10P3HB,Per 1 000 inhabitants,2006,38.99
ISR,Israel,10P3HB,Per 1 000 inhabitants,2005,40.08
ISR,Israel,10P3HB,Per 1 000 inhabitants,2004,39.26
ISR,Israel,10P3HB,Per 1 000 inhabitants,2003,38.89
ISR,Israel,10P3HB,Per 1 000 inhabitants,2002,37.12
EST,Estonia,10P3HB,Per 1 000 inhabitants,2019,30.12
EST,Estonia,10P3HB,Per 1 000 inhabitants,2018,30.25
EST,Estonia,10P3HB,Per 1 000 inhabitants,2017,29.55
EST,Estonia,10P3HB,Per 1 000 inhabitants,2016,29.18
EST,Estonia,10P3HB,Per 1 000 inhabitants,2015,29.35
EST,Estonia,10P3HB,Per 1 000 inhabitants,2014,28.63
EST,Estonia,10P3HB,Per 1 000 inhabitants,2013,27.34
EST,Estonia,10P3HB,Per 1 000 inhabitants,2012,26.32
EST,Estonia,10P3HB,Per 1 000 inhabitants,2011,25.71
EST,Estonia,10P3HB,Per 1 000 inhabitants,2010,25.39
EST,Estonia,10P3HB,Per 1 000 inhabitants,2009,24.34
EST,Estonia,10P3HB,Per 1 000 inhabitants,2008,24.67
EST,Estonia,10P3HB,Per 1 000 inhabitants,2007,25.45
EST,Estonia,10P3HB,Per 1 000 inhabitants,2006,26.41
EST,Estonia,10P3HB,Per 1 000 inhabitants,2005,27.11
EST,Estonia,10P3HB,Per 1 000 inhabitants,2004,27.24
EST,Estonia,10P3HB,Per 1 000 inhabitants,2003,26.36
EST,Estonia,10P3HB,Per 1 000 inhabitants,2002,24.36
EST,Estonia,10P3HB,Per 1 000 inhabitants,2001,22.13
EST,Estonia,10P3HB,Per 1 000 inhabitants,2000,21.51
EST,Estonia,10P3HB,Per 1 000 inhabitants,1999,22.23
EST,Estonia,10P3HB,Per 1 000 inhabitants,1998,23.59
EST,Estonia,10P3HB,Per 1 000 inhabitants,1997,24.26
EST,Estonia,10P3HB,Per 1 000 inhabitants,1996,24.29
EST,Estonia,10P3HB,Per 1 000 inhabitants,1995,23.67
FIN,Finland,10P3HB,Per 1 000 inhabitants,1990,61.59
FIN,Finland,10P3HB,Per 1 000 inhabitants,1989,61.46
FIN,Finland,10P3HB,Per 1 000 inhabitants,1988,60.37
FIN,Finland,10P3HB,Per 1 000 inhabitants,1987,59.16
FIN,Finland,10P3HB,Per 1 000 inhabitants,1986,57.93
FIN,Finland,10P3HB,Per 1 000 inhabitants,1985,56.73
FIN,Finland,10P3HB,Per 1 000 inhabitants,1984,55.16
FIN,Finland,10P3HB,Per 1 000 inhabitants,1983,52.99
FIN,Finland,10P3HB,Per 1 000 inhabitants,1982,51.98
FIN,Finland,10P3HB,Per 1 000 inhabitants,1981,50.54
FIN,Finland,10P3HB,Per 1 000 inhabitants,1980,48.81
FIN,Finland,10P3HB,Per 1 000 inhabitants,2022,84.34
FIN,Finland,10P3HB,Per 1 000 inhabitants,2021,81.75
FIN,Finland,10P3HB,Per 1 000 inhabitants,2020,79.24
FIN,Finland,10P3HB,Per 1 000 inhabitants,2019,79.37
FIN,Finland,10P3HB,Per 1 000 inhabitants,2018,77.34
FIN,Finland,10P3HB,Per 1 000 inhabitants,2017,75.15
FIN,Finland,10P3HB,Per 1 000 inhabitants,2016,74.21
FIN,Finland,10P3HB,Per 1 000 inhabitants,2015,73.43
FIN,Finland,10P3HB,Per 1 000 inhabitants,2014,72.72
FIN,Finland,10P3HB,Per 1 000 inhabitants,2013,72.79
FIN,Finland,10P3HB,Per 1 000 inhabitants,2012,72.48
FIN,Finland,10P3HB,Per 1 000 inhabitants,2011,70.9
FIN,Finland,10P3HB,Per 1 000 inhabitants,2010,69.36
FIN,Finland,10P3HB,Per 1 000 inhabitants,2009,68.96
FIN,Finland,10P3HB,Per 1 000 inhabitants,2008,67.85
FIN,Finland,10P3HB,Per 1 000 inhabitants,2007,65.89
FIN,Finland,10P3HB,Per 1 000 inhabitants,2006,65.04
FIN,Finland,10P3HB,Per 1 000 inhabitants,2005,64.16
FIN,Finland,10P3HB,Per 1 000 inhabitants,2004,63.12
FIN,Finland,10P3HB,Per 1 000 inhabitants,2003,62.32
FIN,Finland,10P3HB,Per 1 000 inhabitants,2002,61.72
FIN,Finland,10P3HB,Per 1 000 inhabitants,2001,60.52
FIN,Finland,10P3HB,Per 1 000 inhabitants,2000,58.71
FIN,Finland,10P3HB,Per 1 000 inhabitants,1999,57.68
FIN,Finland,10P3HB,Per 1 000 inhabitants,1998,57.31
FIN,Finland,10P3HB,Per 1 000 inhabitants,1997,56.98
FIN,Finland,10P3HB,Per 1 000 inhabitants,1996,56.14
FIN,Finland,10P3HB,Per 1 000 inhabitants,1995,55.15
FIN,Finland,10P3HB,Per 1 000 inhabitants,1994,54.66
FIN,Finland,10P3HB,Per 1 000 inhabitants,1993,55.33
FIN,Finland,10P3HB,Per 1 000 inhabitants,1992,59.14
FIN,Finland,10P3HB,Per 1 000 inhabitants,1991,61.19
FRA,France,10P3HB,Per 1 000 inhabitants,1961,29.48
FRA,France,10P3HB,Per 1 000 inhabitants,1960,29.29
FRA,France,10P3HB,Per 1 000 inhabitants,2022,59.71
FRA,France,10P3HB,Per 1 000 inhabitants,2021,59.63
FRA,France,10P3HB,Per 1 000 inhabitants,2020,58.56
FRA,France,10P3HB,Per 1 000 inhabitants,2019,58.4
FRA,France,10P3HB,Per 1 000 inhabitants,2018,58.32
FRA,France,10P3HB,Per 1 000 inhabitants,2017,58.46
FRA,France,10P3HB,Per 1 000 inhabitants,2016,58.33
FRA,France,10P3HB,Per 1 000 inhabitants,2015,58.17
FRA,France,10P3HB,Per 1 000 inhabitants,2014,57.86
FRA,France,10P3HB,Per 1 000 inhabitants,2013,57.46
FRA,France,10P3HB,Per 1 000 inhabitants,2012,57.05
LVA,Latvia,10P3HB,Per 1 000 inhabitants,2009,22.73
LVA,Latvia,10P3HB,Per 1 000 inhabitants,2008,23.76
LVA,Latvia,10P3HB,Per 1 000 inhabitants,2007,22.23
LVA,Latvia,10P3HB,Per 1 000 inhabitants,2006,22.19
LVA,Latvia,10P3HB,Per 1 000 inhabitants,2005,21.84
LVA,Latvia,10P3HB,Per 1 000 inhabitants,2004,20.9
LVA,Latvia,10P3HB,Per 1 000 inhabitants,2003,21.07
LVA,Latvia,10P3HB,Per 1 000 inhabitants,2002,20.97
LVA,Latvia,10P3HB,Per 1 000 inhabitants,2001,21.36
LVA,Latvia,10P3HB,Per 1 000 inhabitants,2000,22.18
LVA,Latvia,10P3HB,Per 1 000 inhabitants,1999,22.74
LVA,Latvia,10P3HB,Per 1 000 inhabitants,1998,22.97
LVA,Latvia,10P3HB,Per 1 000 inhabitants,1997,22.83
LVA,Latvia,10P3HB,Per 1 000 inhabitants,1996,21.65
LVA,Latvia,10P3HB,Per 1 000 inhabitants,1995,21.29
LTU,Lithuania,10P3HB,Per 1 000 inhabitants,1996,27.41
LTU,Lithuania,10P3HB,Per 1 000 inhabitants,1995,27.4
LTU,Lithuania,10P3HB,Per 1 000 inhabitants,2022,38.69
LTU,Lithuania,10P3HB,Per 1 000 inhabitants,2021,35.69
LTU,Lithuania,10P3HB,Per 1 000 inhabitants,2020,34.59
LTU,Lithuania,10P3HB,Per 1 000 inhabitants,2019,35.59
LTU,Lithuania,10P3HB,Per 1 000 inhabitants,2018,33.65
LTU,Lithuania,10P3HB,Per 1 000 inhabitants,2017,32.73
LTU,Lithuania,10P3HB,Per 1 000 inhabitants,2016,32.13
LTU,Lithuania,10P3HB,Per 1 000 inhabitants,2015,30.91
LTU,Lithuania,10P3HB,Per 1 000 inhabitants,2014,28.88
LTU,Lithuania,10P3HB,Per 1 000 inhabitants,2013,28.66
LTU,Lithuania,10P3HB,Per 1 000 inhabitants,2012,28.61
LTU,Lithuania,10P3HB,Per 1 000 inhabitants,2011,28.85
LTU,Lithuania,10P3HB,Per 1 000 inhabitants,2010,28.29
LTU,Lithuania,10P3HB,Per 1 000 inhabitants,2009,27.55
LTU,Lithuania,10P3HB,Per 1 000 inhabitants,2008,27.81
LTU,Lithuania,10P3HB,Per 1 000 inhabitants,2007,29.25
LTU,Lithuania,10P3HB,Per 1 000 inhabitants,2006,29.98
LTU,Lithuania,10P3HB,Per 1 000 inhabitants,2005,28.51
LTU,Lithuania,10P3HB,Per 1 000 inhabitants,2004,28.91
LTU,Lithuania,10P3HB,Per 1 000 inhabitants,2003,28.36
LTU,Lithuania,10P3HB,Per 1 000 inhabitants,2002,26.86
LTU,Lithuania,10P3HB,Per 1 000 inhabitants,2001,28.01
LTU,Lithuania,10P3HB,Per 1 000 inhabitants,2000,26.81
LTU,Lithuania,10P3HB,Per 1 000 inhabitants,1999,27.81
LTU,Lithuania,10P3HB,Per 1 000 inhabitants,1998,28.23
LUX,Luxembourg,10P3HB,Per 1 000 inhabitants,2000,40.08
LUX,Luxembourg,10P3HB,Per 1 000 inhabitants,1999,37.24
LUX,Luxembourg,10P3HB,Per 1 000 inhabitants,1998,35.98
LUX,Luxembourg,10P3HB,Per 1 000 inhabitants,1997,34.9
LUX,Luxembourg,10P3HB,Per 1 000 inhabitants,1996,33.98
LUX,Luxembourg,10P3HB,Per 1 000 inhabitants,1995,32.91
LUX,Luxembourg,10P3HB,Per 1 000 inhabitants,2015,73.41
LUX,Luxembourg,10P3HB,Per 1 000 inhabitants,2014,72.44
LUX,Luxembourg,10P3HB,Per 1 000 inhabitants,2013,71.46
LUX,Luxembourg,10P3HB,Per 1 000 inhabitants,2012,68.14
LUX,Luxembourg,10P3HB,Per 1 000 inhabitants,2011,65.51
DEU,Germany,10P3HB,Per 1 000 inhabitants,2008,56.18
DEU,Germany,10P3HB,Per 1 000 inhabitants,2007,54.92
DEU,Germany,10P3HB,Per 1 000 inhabitants,2006,54.23
DEU,Germany,10P3HB,Per 1 000 inhabitants,2005,53.94
DEU,Germany,10P3HB,Per 1 000 inhabitants,2004,53.19
DEU,Germany,10P3HB,Per 1 000 inhabitants,2003,52.29
DEU,Germany,10P3HB,Per 1 000 inhabitants,2002,51.74
DEU,Germany,10P3HB,Per 1 000 inhabitants,2001,50.35
DEU,Germany,10P3HB,Per 1 000 inhabitants,2000,50.31
DEU,Germany,10P3HB,Per 1 000 inhabitants,1999,48.93
DEU,Germany,10P3HB,Per 1 000 inhabitants,1998,47.67
GRC,Greece,10P3HB,Per 1 000 inhabitants,2022,27.84
GRC,Greece,10P3HB,Per 1 000 inhabitants,2021,26.8
GRC,Greece,10P3HB,Per 1 000 inhabitants,2020,26.35
GRC,Greece,10P3HB,Per 1 000 inhabitants,2019,25.06
GRC,Greece,10P3HB,Per 1 000 inhabitants,2018,24.14
GRC,Greece,10P3HB,Per 1 000 inhabitants,2017,23.36
GRC,Greece,10P3HB,Per 1 000 inhabitants,2016,23.47
GRC,Greece,10P3HB,Per 1 000 inhabitants,2015,22.53
GRC,Greece,10P3HB,Per 1 000 inhabitants,2014,22.9
GRC,Greece,10P3HB,Per 1 000 inhabitants,2013,22.32
GRC,Greece,10P3HB,Per 1 000 inhabitants,2012,21.66
GRC,Greece,10P3HB,Per 1 000 inhabitants,2011,21.45
GRC,Greece,10P3HB,Per 1 000 inhabitants,2010,21.57
GRC,Greece,10P3HB,Per 1 000 inhabitants,2009,20.85
GRC,Greece,10P3HB,Per 1 000 inhabitants,2008,21.02
GRC,Greece,10P3HB,Per 1 000 inhabitants,2007,21.37
GRC,Greece,10P3HB,Per 1 000 inhabitants,2006,20.14
GRC,Greece,10P3HB,Per 1 000 inhabitants,2005,19.6
GRC,Greece,10P3HB,Per 1 000 inhabitants,2004,19.91
GRC,Greece,10P3HB,Per 1 000 inhabitants,2003,17.28
GRC,Greece,10P3HB,Per 1 000 inhabitants,2002,17.08
GRC,Greece,10P3HB,Per 1 000 inhabitants,2001,16.58
GRC,Greece,10P3HB,Per 1 000 inhabitants,2000,16.73
GRC,Greece,10P3HB,Per 1 000 inhabitants,1999,17.26
GRC,Greece,10P3HB,Per 1 000 inhabitants,1998,16.92
GRC,Greece,10P3HB,Per 1 000 inhabitants,1997,15.83
GRC,Greece,10P3HB,Per 1 000 inhabitants,1996,15.96
GRC,Greece,10P3HB,Per 1 000 inhabitants,1995,15.32
HUN,Hungary,10P3HB,Per 1 000 inhabitants,1996,23.43
HUN,Hungary,10P3HB,Per 1 000 inhabitants,1995,23.82
HUN,Hungary,10P3HB,Per 1 000 inhabitants,2022,33.31
HUN,Hungary,10P3HB,Per 1 000 inhabitants,2021,33.35
HUN,Hungary,10P3HB,Per 1 000 inhabitants,2020,33.22
HUN,Hungary,10P3HB,Per 1 000 inhabitants,2019,32.61
HUN,Hungary,10P3HB,Per 1 000 inhabitants,2018,31.97
HUN,Hungary,10P3HB,Per 1 000 inhabitants,2017,31.06
HUN,Hungary,10P3HB,Per 1 000 inhabitants,2016,31.1
HUN,Hungary,10P3HB,Per 1 000 inhabitants,2015,30.13
HUN,Hungary,10P3HB,Per 1 000 inhabitants,2014,29.63
HUN,Hungary,10P3HB,Per 1 000 inhabitants,2013,28.29
HUN,Hungary,10P3HB,Per 1 000 inhabitants,2012,27.28
HUN,Hungary,10P3HB,Per 1 000 inhabitants,2011,27.75
HUN,Hungary,10P3HB,Per 1 000 inhabitants,2010,26.53
HUN,Hungary,10P3HB,Per 1 000 inhabitants,2009,28.67
HUN,Hungary,10P3HB,Per 1 000 inhabitants,2008,26.28
HUN,Hungary,10P3HB,Per 1 000 inhabitants,2007,26.85
HUN,Hungary,10P3HB,Per 1 000 inhabitants,2006,28.01
HUN,Hungary,10P3HB,Per 1 000 inhabitants,2005,27.45
HUN,Hungary,10P3HB,Per 1 000 inhabitants,2004,28.13
HUN,Hungary,10P3HB,Per 1 000 inhabitants,2003,28.08
HUN,Hungary,10P3HB,Per 1 000 inhabitants,2002,25.34
HUN,Hungary,10P3HB,Per 1 000 inhabitants,2001,25.06
HUN,Hungary,10P3HB,Per 1 000 inhabitants,2000,25.5
HUN,Hungary,10P3HB,Per 1 000 inhabitants,1999,24.84
HUN,Hungary,10P3HB,Per 1 000 inhabitants,1998,25.28
ISL,Iceland,10P3HB,Per 1 000 inhabitants,2023,71.28
ISL,Iceland,10P3HB,Per 1 000 inhabitants,2022,69.11
ISL,Iceland,10P3HB,Per 1 000 inhabitants,2021,69.44
ISL,Iceland,10P3HB,Per 1 000 inhabitants,2020,69.67
ISL,Iceland,10P3HB,Per 1 000 inhabitants,2019,65.37
ISL,Iceland,10P3HB,Per 1 000 inhabitants,2018,63.46
ISL,Iceland,10P3HB,Per 1 000 inhabitants,2017,62.68
ISL,Iceland,10P3HB,Per 1 000 inhabitants,2016,62.39
ISL,Iceland,10P3HB,Per 1 000 inhabitants,2015,63.14
ISL,Iceland,10P3HB,Per 1 000 inhabitants,2014,63
ISL,Iceland,10P3HB,Per 1 000 inhabitants,2013,62.04
ISL,Iceland,10P3HB,Per 1 000 inhabitants,2012,61.68
ISL,Iceland,10P3HB,Per 1 000 inhabitants,2011,61.44
ISL,Iceland,10P3HB,Per 1 000 inhabitants,2010,63.21
ISL,Iceland,10P3HB,Per 1 000 inhabitants,2009,64.89
ISL,Iceland,10P3HB,Per 1 000 inhabitants,2008,63.41
ISL,Iceland,10P3HB,Per 1 000 inhabitants,2007,60.58
ISL,Iceland,10P3HB,Per 1 000 inhabitants,2006,61.18
ISL,Iceland,10P3HB,Per 1 000 inhabitants,2005,61.28
ISL,Iceland,10P3HB,Per 1 000 inhabitants,2004,62.33
ISL,Iceland,10P3HB,Per 1 000 inhabitants,2003,65.86
NOR,Norway,10P3HB,Per 1 000 inhabitants,1977,49.47
NOR,Norway,10P3HB,Per 1 000 inhabitants,1976,45.95
NOR,Norway,10P3HB,Per 1 000 inhabitants,1975,42.18
NOR,Norway,10P3HB,Per 1 000 inhabitants,1974,38.64
NOR,Norway,10P3HB,Per 1 000 inhabitants,1973,36.35
NOR,Norway,10P3HB,Per 1 000 inhabitants,1972,34.32
NOR,Norway,10P3HB,Per 1 000 inhabitants,1971,31.51
NOR,Norway,10P3HB,Per 1 000 inhabitants,1970,29.15
NOR,Norway,10P3HB,Per 1 000 inhabitants,2022,111.6
NOR,Norway,10P3HB,Per 1 000 inhabitants,2021,111.69
NOR,Norway,10P3HB,Per 1 000 inhabitants,2020,110.24
NOR,Norway,10P3HB,Per 1 000 inhabitants,2019,110.88
NOR,Norway,10P3HB,Per 1 000 inhabitants,2018,110.69
NOR,Norway,10P3HB,Per 1 000 inhabitants,2017,110.48
NOR,Norway,10P3HB,Per 1 000 inhabitants,2016,110.39
NOR,Norway,10P3HB,Per 1 000 inhabitants,2015,109.63
NOR,Norway,10P3HB,Per 1 000 inhabitants,2014,109.4
NOR,Norway,10P3HB,Per 1 000 inhabitants,2013,109.25
NOR,Norway,10P3HB,Per 1 000 inhabitants,2012,108.59
NOR,Norway,10P3HB,Per 1 000 inhabitants,2011,108.22
NOR,Norway,10P3HB,Per 1 000 inhabitants,2010,106.97
NOR,Norway,10P3HB,Per 1 000 inhabitants,2009,106.65
NOR,Norway,10P3HB,Per 1 000 inhabitants,2008,105.7
NOR,Norway,10P3HB,Per 1 000 inhabitants,2007,103.84
NOR,Norway,10P3HB,Per 1 000 inhabitants,2006,102.55
NOR,Norway,10P3HB,Per 1 000 inhabitants,2005,99.94
NOR,Norway,10P3HB,Per 1 000 inhabitants,2004,99.52
NOR,Norway,10P3HB,Per 1 000 inhabitants,2003,97.48
NOR,Norway,10P3HB,Per 1 000 inhabitants,2002,97.4
NOR,Norway,10P3HB,Per 1 000 inhabitants,2001,95.48
NOR,Norway,10P3HB,Per 1 000 inhabitants,2000,92.41
NOR,Norway,10P3HB,Per 1 000 inhabitants,1999,91.21
NOR,Norway,10P3HB,Per 1 000 inhabitants,1998,89.6
NOR,Norway,10P3HB,Per 1 000 inhabitants,1997,87.85
NOR,Norway,10P3HB,Per 1 000 inhabitants,1996,86.05
NOR,Norway,10P3HB,Per 1 000 inhabitants,1995,83.96
NOR,Norway,10P3HB,Per 1 000 inhabitants,1994,81.39
NOR,Norway,10P3HB,Per 1 000 inhabitants,1993,80.24
NOR,Norway,10P3HB,Per 1 000 inhabitants,1992,78.16
POL,Poland,10P3HB,Per 1 000 inhabitants,2000,23.2
POL,Poland,10P3HB,Per 1 000 inhabitants,1999,22.75
POL,Poland,10P3HB,Per 1 000 inhabitants,1998,23.84
POL,Poland,10P3HB,Per 1 000 inhabitants,1997,24.4
POL,Poland,10P3HB,Per 1 000 inhabitants,1996,25
POL,Poland,10P3HB,Per 1 000 inhabitants,1995,25.46
POL,Poland,10P3HB,Per 1 000 inhabitants,2015,24.54
POL,Poland,10P3HB,Per 1 000 inhabitants,2014,24.26
POL,Poland,10P3HB,Per 1 000 inhabitants,2013,24.36
ISR,Israel,10P3HB,Per 1 000 inhabitants,2001,36.58
ISR,Israel,10P3HB,Per 1 000 inhabitants,2022,53.06
ISR,Israel,10P3HB,Per 1 000 inhabitants,2021,50.68
ISR,Israel,10P3HB,Per 1 000 inhabitants,2020,51.75
ISR,Israel,10P3HB,Per 1 000 inhabitants,2019,50.5
ISR,Israel,10P3HB,Per 1 000 inhabitants,2018,49.96
ISR,Israel,10P3HB,Per 1 000 inhabitants,2017,49.22
ISR,Israel,10P3HB,Per 1 000 inhabitants,2016,48.9
ITA,Italy,10P3HB,Per 1 000 inhabitants,2023,35.11
ITA,Italy,10P3HB,Per 1 000 inhabitants,2022,34.42
ITA,Italy,10P3HB,Per 1 000 inhabitants,2021,34.14
ITA,Italy,10P3HB,Per 1 000 inhabitants,2020,33.75
ITA,Italy,10P3HB,Per 1 000 inhabitants,2019,33.19
ITA,Italy,10P3HB,Per 1 000 inhabitants,2018,33.02
ITA,Italy,10P3HB,Per 1 000 inhabitants,2017,32.38
ITA,Italy,10P3HB,Per 1 000 inhabitants,2016,31.95
ITA,Italy,10P3HB,Per 1 000 inhabitants,2015,31.33
ITA,Italy,10P3HB,Per 1 000 inhabitants,2014,30.74
ITA,Italy,10P3HB,Per 1 000 inhabitants,2013,30.12
ITA,Italy,10P3HB,Per 1 000 inhabitants,2012,29.86
ITA,Italy,10P3HB,Per 1 000 inhabitants,2011,29.6
ITA,Italy,10P3HB,Per 1 000 inhabitants,2010,29.09
ITA,Italy,10P3HB,Per 1 000 inhabitants,2009,28.94
ITA,Italy,10P3HB,Per 1 000 inhabitants,2008,28.84
ITA,Italy,10P3HB,Per 1 000 inhabitants,2007,28.26
ITA,Italy,10P3HB,Per 1 000 inhabitants,2006,28.28
ITA,Italy,10P3HB,Per 1 000 inhabitants,2005,28.22
ITA,Italy,10P3HB,Per 1 000 inhabitants,2004,27.96
ITA,Italy,10P3HB,Per 1 000 inhabitants,2003,27.66
ITA,Italy,10P3HB,Per 1 000 inhabitants,2002,27.3
ITA,Italy,10P3HB,Per 1 000 inhabitants,2001,26.91
ITA,Italy,10P3HB,Per 1 000 inhabitants,2000,26.31
ITA,Italy,10P3HB,Per 1 000 inhabitants,1999,25.6
ITA,Italy,10P3HB,Per 1 000 inhabitants,1998,25.2
ITA,Italy,10P3HB,Per 1 000 inhabitants,1997,24.46
ITA,Italy,10P3HB,Per 1 000 inhabitants,1996,24.01
JPN,Japan,10P3HB,Per 1 000 inhabitants,1999,33.52
JPN,Japan,10P3HB,Per 1 000 inhabitants,1998,32.39
JPN,Japan,10P3HB,Per 1 000 inhabitants,1997,31.14
JPN,Japan,10P3HB,Per 1 000 inhabitants,1996,29.95
JPN,Japan,10P3HB,Per 1 000 inhabitants,1995,28.96
JPN,Japan,10P3HB,Per 1 000 inhabitants,1994,27.96
JPN,Japan,10P3HB,Per 1 000 inhabitants,2014,60.82
JPN,Japan,10P3HB,Per 1 000 inhabitants,2013,58.94
JPN,Japan,10P3HB,Per 1 000 inhabitants,2012,57.32
JPN,Japan,10P3HB,Per 1 000 inhabitants,2011,54.91
JPN,Japan,10P3HB,Per 1 000 inhabitants,2010,53.09
JPN,Japan,10P3HB,Per 1 000 inhabitants,2009,50.46
JPN,Japan,10P3HB,Per 1 000 inhabitants,2008,48.59
JPN,Japan,10P3HB,Per 1 000 inhabitants,2007,47
JPN,Japan,10P3HB,Per 1 000 inhabitants,2006,46.14
JPN,Japan,10P3HB,Per 1 000 inhabitants,2005,44.67
JPN,Japan,10P3HB,Per 1 000 inhabitants,2004,42.34
JPN,Japan,10P3HB,Per 1 000 inhabitants,2003,40.56
JPN,Japan,10P3HB,Per 1 000 inhabitants,2002,38.91
JPN,Japan,10P3HB,Per 1 000 inhabitants,2001,37.47
JPN,Japan,10P3HB,Per 1 000 inhabitants,2000,35.57
JPN,Japan,10P3HB,Per 1 000 inhabitants,2022,73.5
JPN,Japan,10P3HB,Per 1 000 inhabitants,2021,71.78
JPN,Japan,10P3HB,Per 1 000 inhabitants,2020,69.8
JPN,Japan,10P3HB,Per 1 000 inhabitants,2019,68.28
JPN,Japan,10P3HB,Per 1 000 inhabitants,2018,67.18
JPN,Japan,10P3HB,Per 1 000 inhabitants,2017,65.56
JPN,Japan,10P3HB,Per 1 000 inhabitants,2016,65.05
JPN,Japan,10P3HB,Per 1 000 inhabitants,2015,63.18
KOR,Korea,10P3HB,Per 1 000 inhabitants,2022,52.57
KOR,Korea,10P3HB,Per 1 000 inhabitants,2021,48.97
KOR,Korea,10P3HB,Per 1 000 inhabitants,2020,45.07
KOR,Korea,10P3HB,Per 1 000 inhabitants,2019,42.62
KOR,Korea,10P3HB,Per 1 000 inhabitants,2018,39.67
KOR,Korea,10P3HB,Per 1 000 inhabitants,2017,37.41
KOR,Korea,10P3HB,Per 1 000 inhabitants,2016,36.33
KOR,Korea,10P3HB,Per 1 000 inhabitants,2015,34.91
KOR,Korea,10P3HB,Per 1 000 inhabitants,2014,33.67
KOR,Korea,10P3HB,Per 1 000 inhabitants,2013,31.04
KOR,Korea,10P3HB,Per 1 000 inhabitants,2012,28.19
KOR,Korea,10P3HB,Per 1 000 inhabitants,2011,26.6
KOR,Korea,10P3HB,Per 1 000 inhabitants,2010,23.45
KOR,Korea,10P3HB,Per 1 000 inhabitants,2009,20.41
KOR,Korea,10P3HB,Per 1 000 inhabitants,2008,17.34
LVA,Latvia,10P3HB,Per 1 000 inhabitants,2022,29.02
LVA,Latvia,10P3HB,Per 1 000 inhabitants,2021,28.11
LVA,Latvia,10P3HB,Per 1 000 inhabitants,2020,26.99
LVA,Latvia,10P3HB,Per 1 000 inhabitants,2019,26.3
LVA,Latvia,10P3HB,Per 1 000 inhabitants,2018,25.66
LVA,Latvia,10P3HB,Per 1 000 inhabitants,2017,25.17
LVA,Latvia,10P3HB,Per 1 000 inhabitants,2016,24.6
LVA,Latvia,10P3HB,Per 1 000 inhabitants,2015,23.89
LVA,Latvia,10P3HB,Per 1 000 inhabitants,2014,23.37
LVA,Latvia,10P3HB,Per 1 000 inhabitants,2013,23.62
LVA,Latvia,10P3HB,Per 1 000 inhabitants,2012,23.98
LVA,Latvia,10P3HB,Per 1 000 inhabitants,2011,22.69
LVA,Latvia,10P3HB,Per 1 000 inhabitants,2010,21.57
ESP,Spain,10P3HB,Per 1 000 inhabitants,1999,20.85
ESP,Spain,10P3HB,Per 1 000 inhabitants,1998,20.28
ESP,Spain,10P3HB,Per 1 000 inhabitants,1997,19.67
ESP,Spain,10P3HB,Per 1 000 inhabitants,1996,19.16
ESP,Spain,10P3HB,Per 1 000 inhabitants,1995,19.25
ESP,Spain,10P3HB,Per 1 000 inhabitants,2015,29.21
ESP,Spain,10P3HB,Per 1 000 inhabitants,2014,28.65
ESP,Spain,10P3HB,Per 1 000 inhabitants,2013,27.77
ESP,Spain,10P3HB,Per 1 000 inhabitants,2012,28.03
ESP,Spain,10P3HB,Per 1 000 inhabitants,2011,28.96
ESP,Spain,10P3HB,Per 1 000 inhabitants,2010,28.51
ESP,Spain,10P3HB,Per 1 000 inhabitants,2009,27.58
ESP,Spain,10P3HB,Per 1 000 inhabitants,2008,27.33
ESP,Spain,10P3HB,Per 1 000 inhabitants,2007,26.98
ESP,Spain,10P3HB,Per 1 000 inhabitants,2006,26.55
ESP,Spain,10P3HB,Per 1 000 inhabitants,2005,25.26
ESP,Spain,10P3HB,Per 1 000 inhabitants,2004,24.28
ESP,Spain,10P3HB,Per 1 000 inhabitants,2003,23.45
ESP,Spain,10P3HB,Per 1 000 inhabitants,2002,22.22
ESP,Spain,10P3HB,Per 1 000 inhabitants,2001,21.68
ESP,Spain,10P3HB,Per 1 000 inhabitants,2022,36.41
ESP,Spain,10P3HB,Per 1 000 inhabitants,2021,35.01
ESP,Spain,10P3HB,Per 1 000 inhabitants,2020,33.63
ESP,Spain,10P3HB,Per 1 000 inhabitants,2019,32.82
ESP,Spain,10P3HB,Per 1 000 inhabitants,2018,32.03
ESP,Spain,10P3HB,Per 1 000 inhabitants,2017,31.21
ESP,Spain,10P3HB,Per 1 000 inhabitants,2016,30.18
SWE,Sweden,10P3HB,Per 1 000 inhabitants,2020,82.39
SWE,Sweden,10P3HB,Per 1 000 inhabitants,2019,82.79
SWE,Sweden,10P3HB,Per 1 000 inhabitants,2018,83.83
SWE,Sweden,10P3HB,Per 1 000 inhabitants,2017,83.62
SWE,Sweden,10P3HB,Per 1 000 inhabitants,2016,84.95
SWE,Sweden,10P3HB,Per 1 000 inhabitants,2015,82.46
SWE,Sweden,10P3HB,Per 1 000 inhabitants,2014,80.14
SWE,Sweden,10P3HB,Per 1 000 inhabitants,2013,79.17
SWE,Sweden,10P3HB,Per 1 000 inhabitants,2012,78.58
SWE,Sweden,10P3HB,Per 1 000 inhabitants,2011,79.48
SWE,Sweden,10P3HB,Per 1 000 inhabitants,2010,78.48
SWE,Sweden,10P3HB,Per 1 000 inhabitants,2009,79.47
SWE,Sweden,10P3HB,Per 1 000 inhabitants,2008,80.59
SWE,Sweden,10P3HB,Per 1 000 inhabitants,2007,81
SWE,Sweden,10P3HB,Per 1 000 inhabitants,2006,80.17
LUX,Luxembourg,10P3HB,Per 1 000 inhabitants,2010,63.06
LUX,Luxembourg,10P3HB,Per 1 000 inhabitants,2009,59.76
LUX,Luxembourg,10P3HB,Per 1 000 inhabitants,2008,57.87
LUX,Luxembourg,10P3HB,Per 1 000 inhabitants,2007,56.01
LUX,Luxembourg,10P3HB,Per 1 000 inhabitants,2006,54.06
LUX,Luxembourg,10P3HB,Per 1 000 inhabitants,2005,52.12
LUX,Luxembourg,10P3HB,Per 1 000 inhabitants,2004,49.93
LUX,Luxembourg,10P3HB,Per 1 000 inhabitants,2003,47.55
LUX,Luxembourg,10P3HB,Per 1 000 inhabitants,2002,44.87
LUX,Luxembourg,10P3HB,Per 1 000 inhabitants,2001,41.77
LUX,Luxembourg,10P3HB,Per 1 000 inhabitants,2022,84.06
LUX,Luxembourg,10P3HB,Per 1 000 inhabitants,2021,85.17
LUX,Luxembourg,10P3HB,Per 1 000 inhabitants,2020,82.39
LUX,Luxembourg,10P3HB,Per 1 000 inhabitants,2019,79.63
LUX,Luxembourg,10P3HB,Per 1 000 inhabitants,2018,76.51
LUX,Luxembourg,10P3HB,Per 1 000 inhabitants,2017,75.43
LUX,Luxembourg,10P3HB,Per 1 000 inhabitants,2016,73.65
MEX,Mexico,10P3HB,Per 1 000 inhabitants,2022,10.24
MEX,Mexico,10P3HB,Per 1 000 inhabitants,2021,10.25
MEX,Mexico,10P3HB,Per 1 000 inhabitants,2020,10.24
MEX,Mexico,10P3HB,Per 1 000 inhabitants,2019,10.1
MEX,Mexico,10P3HB,Per 1 000 inhabitants,2018,10.1
MEX,Mexico,10P3HB,Per 1 000 inhabitants,2017,10.05
MEX,Mexico,10P3HB,Per 1 000 inhabitants,2016,10.07
MEX,Mexico,10P3HB,Per 1 000 inhabitants,2015,10.03
MEX,Mexico,10P3HB,Per 1 000 inhabitants,2014,10.03
MEX,Mexico,10P3HB,Per 1 000 inhabitants,2013,10.16
MEX,Mexico,10P3HB,Per 1 000 inhabitants,2012,10.1
MEX,Mexico,10P3HB,Per 1 000 inhabitants,2011,10.09
MEX,Mexico,10P3HB,Per 1 000 inhabitants,2010,10.1
MEX,Mexico,10P3HB,Per 1 000 inhabitants,2009,10
MEX,Mexico,10P3HB,Per 1 000 inhabitants,2008,10.03
MEX,Mexico,10P3HB,Per 1 000 inhabitants,2007,10.05
MEX,Mexico,10P3HB,Per 1 000 inhabitants,2006,9.89
MEX,Mexico,10P3HB,Per 1 000 inhabitants,2005,10.01
MEX,Mexico,10P3HB,Per 1 000 inhabitants,2004,10.09
MEX,Mexico,10P3HB,Per 1 000 inhabitants,2003,10.2
MEX,Mexico,10P3HB,Per 1 000 inhabitants,2002,10
MEX,Mexico,10P3HB,Per 1 000 inhabitants,2001,10.07
MEX,Mexico,10P3HB,Per 1 000 inhabitants,2000,10.04
MEX,Mexico,10P3HB,Per 1 000 inhabitants,1999,9.97
MEX,Mexico,10P3HB,Per 1 000 inhabitants,1998,9.91
MEX,Mexico,10P3HB,Per 1 000 inhabitants,1997,9.49
MEX,Mexico,10P3HB,Per 1 000 inhabitants,1996,9.69
MEX,Mexico,10P3HB,Per 1 000 inhabitants,1995,9.95
MEX,Mexico,10P3HB,Per 1 000 inhabitants,1994,9.89
MEX,Mexico,10P3HB,Per 1 000 inhabitants,1993,9.8
NLD,Netherlands,10P3HB,Per 1 000 inhabitants,2022,91.28
NLD,Netherlands,10P3HB,Per 1 000 inhabitants,2021,89.94
NLD,Netherlands,10P3HB,Per 1 000 inhabitants,2020,88.06
NLD,Netherlands,10P3HB,Per 1 000 inhabitants,2019,86.08
NLD,Netherlands,10P3HB,Per 1 000 inhabitants,2018,83.51
NLD,Netherlands,10P3HB,Per 1 000 inhabitants,2017,81.9
NLD,Netherlands,10P3HB,Per 1 000 inhabitants,2016,80.8
NLD,Netherlands,10P3HB,Per 1 000 inhabitants,2015,81.35
NLD,Netherlands,10P3HB,Per 1 000 inhabitants,2014,82.83
NLD,Netherlands,10P3HB,Per 1 000 inhabitants,2013,84.92
NLD,Netherlands,10P3HB,Per 1 000 inhabitants,2012,85.71
NLD,Netherlands,10P3HB,Per 1 000 inhabitants,2011,85.07
NLD,Netherlands,10P3HB,Per 1 000 inhabitants,2010,83.9
NLD,Netherlands,10P3HB,Per 1 000 inhabitants,2009,81.13
NLD,Netherlands,10P3HB,Per 1 000 inhabitants,2008,79.35
NLD,Netherlands,10P3HB,Per 1 000 inhabitants,2007,76.97
NLD,Netherlands,10P3HB,Per 1 000 inhabitants,2006,74.94
NLD,Netherlands,10P3HB,Per 1 000 inhabitants,2005,72.98
NLD,Netherlands,10P3HB,Per 1 000 inhabitants,2004,70.75
NLD,Netherlands,10P3HB,Per 1 000 inhabitants,2003,71
NLD,Netherlands,10P3HB,Per 1 000 inhabitants,2002,68.43
NLD,Netherlands,10P3HB,Per 1 000 inhabitants,2001,65.37
NLD,Netherlands,10P3HB,Per 1 000 inhabitants,2000,63.17
NLD,Netherlands,10P3HB,Per 1 000 inhabitants,1999,62.8
NLD,Netherlands,10P3HB,Per 1 000 inhabitants,1998,61.56
NLD,Netherlands,10P3HB,Per 1 000 inhabitants,1997,59.77
NLD,Netherlands,10P3HB,Per 1 000 inhabitants,1996,58.01
NLD,Netherlands,10P3HB,Per 1 000 inhabitants,1995,56.67
NZL,New Zealand,10P3HB,Per 1 000 inhabitants,2018,56.64
NZL,New Zealand,10P3HB,Per 1 000 inhabitants,2017,54.26
NZL,New Zealand,10P3HB,Per 1 000 inhabitants,2016,53.86
NZL,New Zealand,10P3HB,Per 1 000 inhabitants,2015,55.46
NZL,New Zealand,10P3HB,Per 1 000 inhabitants,2014,55.5
NZL,New Zealand,10P3HB,Per 1 000 inhabitants,2013,54.64
NZL,New Zealand,10P3HB,Per 1 000 inhabitants,2022,57.49
NZL,New Zealand,10P3HB,Per 1 000 inhabitants,2021,58.05
NZL,New Zealand,10P3HB,Per 1 000 inhabitants,2020,57.68
NZL,New Zealand,10P3HB,Per 1 000 inhabitants,2019,57.12
NOR,Norway,10P3HB,Per 1 000 inhabitants,1990,73.1
NOR,Norway,10P3HB,Per 1 000 inhabitants,1989,70.03
NOR,Norway,10P3HB,Per 1 000 inhabitants,1988,69.61
NOR,Norway,10P3HB,Per 1 000 inhabitants,1987,67.59
NOR,Norway,10P3HB,Per 1 000 inhabitants,1986,64.79
NOR,Norway,10P3HB,Per 1 000 inhabitants,1985,62.61
NOR,Norway,10P3HB,Per 1 000 inhabitants,1984,61.84
NOR,Norway,10P3HB,Per 1 000 inhabitants,1983,61.53
NOR,Norway,10P3HB,Per 1 000 inhabitants,1982,60.75
NOR,Norway,10P3HB,Per 1 000 inhabitants,1981,61.22
NOR,Norway,10P3HB,Per 1 000 inhabitants,1980,58.98
NOR,Norway,10P3HB,Per 1 000 inhabitants,1979,55.98
NOR,Norway,10P3HB,Per 1 000 inhabitants,1978,52.97
BGR,Bulgaria,10P3HB,Per 1 000 inhabitants,1997,19.55
BGR,Bulgaria,10P3HB,Per 1 000 inhabitants,1996,19.8
BGR,Bulgaria,10P3HB,Per 1 000 inhabitants,1995,19.01
BGR,Bulgaria,10P3HB,Per 1 000 inhabitants,2021,27.02
BGR,Bulgaria,10P3HB,Per 1 000 inhabitants,2020,25.46
BGR,Bulgaria,10P3HB,Per 1 000 inhabitants,2019,24.35
BGR,Bulgaria,10P3HB,Per 1 000 inhabitants,2018,23.53
BGR,Bulgaria,10P3HB,Per 1 000 inhabitants,2017,22.93
BGR,Bulgaria,10P3HB,Per 1 000 inhabitants,2016,22.57
BGR,Bulgaria,10P3HB,Per 1 000 inhabitants,2015,22.1
BGR,Bulgaria,10P3HB,Per 1 000 inhabitants,2014,22.1
BGR,Bulgaria,10P3HB,Per 1 000 inhabitants,2013,21.64
BGR,Bulgaria,10P3HB,Per 1 000 inhabitants,2012,21.11
BGR,Bulgaria,10P3HB,Per 1 000 inhabitants,2011,20.84
BGR,Bulgaria,10P3HB,Per 1 000 inhabitants,2010,20.25
BGR,Bulgaria,10P3HB,Per 1 000 inhabitants,2009,20.56
BGR,Bulgaria,10P3HB,Per 1 000 inhabitants,2008,19.8
BGR,Bulgaria,10P3HB,Per 1 000 inhabitants,2007,20.93
BGR,Bulgaria,10P3HB,Per 1 000 inhabitants,2006,20.6
BGR,Bulgaria,10P3HB,Per 1 000 inhabitants,2005,19.96
BGR,Bulgaria,10P3HB,Per 1 000 inhabitants,2004,19.9
HRV,Croatia,10P3HB,Per 1 000 inhabitants,2000,18.13
HRV,Croatia,10P3HB,Per 1 000 inhabitants,1999,17.83
HRV,Croatia,10P3HB,Per 1 000 inhabitants,1998,17.65
HRV,Croatia,10P3HB,Per 1 000 inhabitants,1997,17.47
HRV,Croatia,10P3HB,Per 1 000 inhabitants,1996,17.31
HRV,Croatia,10P3HB,Per 1 000 inhabitants,1995,17.16
HRV,Croatia,10P3HB,Per 1 000 inhabitants,2015,23.14
HRV,Croatia,10P3HB,Per 1 000 inhabitants,2014,23.04
HRV,Croatia,10P3HB,Per 1 000 inhabitants,2013,20.63
HRV,Croatia,10P3HB,Per 1 000 inhabitants,2012,19.46
HRV,Croatia,10P3HB,Per 1 000 inhabitants,2011,19.05
HRV,Croatia,10P3HB,Per 1 000 inhabitants,2010,20.67
HRV,Croatia,10P3HB,Per 1 000 inhabitants,2009,21.2
HRV,Croatia,10P3HB,Per 1 000 inhabitants,2008,19.82
HRV,Croatia,10P3HB,Per 1 000 inhabitants,2007,19.32
POL,Poland,10P3HB,Per 1 000 inhabitants,2012,23.45
POL,Poland,10P3HB,Per 1 000 inhabitants,2011,23.06
POL,Poland,10P3HB,Per 1 000 inhabitants,2010,23.37
POL,Poland,10P3HB,Per 1 000 inhabitants,2009,23.03
POL,Poland,10P3HB,Per 1 000 inhabitants,2008,22.4
POL,Poland,10P3HB,Per 1 000 inhabitants,2007,21.91
POL,Poland,10P3HB,Per 1 000 inhabitants,2006,22.02
POL,Poland,10P3HB,Per 1 000 inhabitants,2005,20.84
POL,Poland,10P3HB,Per 1 000 inhabitants,2004,20.85
POL,Poland,10P3HB,Per 1 000 inhabitants,2003,21.66
POL,Poland,10P3HB,Per 1 000 inhabitants,2002,21.12
POL,Poland,10P3HB,Per 1 000 inhabitants,2001,20.75
POL,Poland,10P3HB,Per 1 000 inhabitants,2022,29.84
POL,Poland,10P3HB,Per 1 000 inhabitants,2021,28.76
POL,Poland,10P3HB,Per 1 000 inhabitants,2020,26.16
POL,Poland,10P3HB,Per 1 000 inhabitants,2019,25.6
POL,Poland,10P3HB,Per 1 000 inhabitants,2018,25.53
POL,Poland,10P3HB,Per 1 000 inhabitants,2017,25.46
POL,Poland,10P3HB,Per 1 000 inhabitants,2016,25.11
PRT,Portugal,10P3HB,Per 1 000 inhabitants,2022,41.78
PRT,Portugal,10P3HB,Per 1 000 inhabitants,2021,41.41
PRT,Portugal,10P3HB,Per 1 000 inhabitants,2020,40.06
PRT,Portugal,10P3HB,Per 1 000 inhabitants,2019,39.18
PRT,Portugal,10P3HB,Per 1 000 inhabitants,2018,38.72
PRT,Portugal,10P3HB,Per 1 000 inhabitants,2017,37.81
PRT,Portugal,10P3HB,Per 1 000 inhabitants,2016,36.59
PRT,Portugal,10P3HB,Per 1 000 inhabitants,2015,35.19
PRT,Portugal,10P3HB,Per 1 000 inhabitants,2014,34.42
PRT,Portugal,10P3HB,Per 1 000 inhabitants,2013,33.51
PRT,Portugal,10P3HB,Per 1 000 inhabitants,2012,33.2
PRT,Portugal,10P3HB,Per 1 000 inhabitants,2011,33.11
PRT,Portugal,10P3HB,Per 1 000 inhabitants,2010,32.5
PRT,Portugal,10P3HB,Per 1 000 inhabitants,2009,32.25
PRT,Portugal,10P3HB,Per 1 000 inhabitants,2008,31.31
PRT,Portugal,10P3HB,Per 1 000 inhabitants,2007,30.33
PRT,Portugal,10P3HB,Per 1 000 inhabitants,2006,30.14
PRT,Portugal,10P3HB,Per 1 000 inhabitants,2005,29.98
PRT,Portugal,10P3HB,Per 1 000 inhabitants,2004,29.42
PRT,Portugal,10P3HB,Per 1 000 inhabitants,2003,29.01
PRT,Portugal,10P3HB,Per 1 000 inhabitants,2002,28.98
PRT,Portugal,10P3HB,Per 1 000 inhabitants,2001,27.9
PRT,Portugal,10P3HB,Per 1 000 inhabitants,2000,27.63
PRT,Portugal,10P3HB,Per 1 000 inhabitants,1999,27.03
PRT,Portugal,10P3HB,Per 1 000 inhabitants,1998,25.65
PRT,Portugal,10P3HB,Per 1 000 inhabitants,1997,24.81
PRT,Portugal,10P3HB,Per 1 000 inhabitants,1996,24.68
PRT,Portugal,10P3HB,Per 1 000 inhabitants,1995,24.1
SVK,Slovak Republic,10P3HB,Per 1 000 inhabitants,2023,26.97
SVK,Slovak Republic,10P3HB,Per 1 000 inhabitants,2022,27.28
SVK,Slovak Republic,10P3HB,Per 1 000 inhabitants,2021,26.34
SVK,Slovak Republic,10P3HB,Per 1 000 inhabitants,2020,26.03
SVK,Slovak Republic,10P3HB,Per 1 000 inhabitants,2019,25.68
SVK,Slovak Republic,10P3HB,Per 1 000 inhabitants,2018,25.05
SVK,Slovak Republic,10P3HB,Per 1 000 inhabitants,2017,25.12
SVK,Slovak Republic,10P3HB,Per 1 000 inhabitants,2016,24.78
SVK,Slovak Republic,10P3HB,Per 1 000 inhabitants,2015,24.13
SVK,Slovak Republic,10P3HB,Per 1 000 inhabitants,2014,23.8
SVK,Slovak Republic,10P3HB,Per 1 000 inhabitants,2013,22.91
SVK,Slovak Republic,10P3HB,Per 1 000 inhabitants,2012,23.04
SVK,Slovak Republic,10P3HB,Per 1 000 inhabitants,2011,23.16
SVK,Slovak Republic,10P3HB,Per 1 000 inhabitants,2010,22.7
SVK,Slovak Republic,10P3HB,Per 1 000 inhabitants,2009,22.51
SVK,Slovak Republic,10P3HB,Per 1 000 inhabitants,2008,23.66
SVK,Slovak Republic,10P3HB,Per 1 000 inhabitants,2007,23.48
SVK,Slovak Republic,10P3HB,Per 1 000 inhabitants,2006,22.58
SVK,Slovak Republic,10P3HB,Per 1 000 inhabitants,2005,22.72
SVK,Slovak Republic,10P3HB,Per 1 000 inhabitants,2004,24.44
SVK,Slovak Republic,10P3HB,Per 1 000 inhabitants,2003,25.88
SVK,Slovak Republic,10P3HB,Per 1 000 inhabitants,2002,26.1
SVK,Slovak Republic,10P3HB,Per 1 000 inhabitants,2001,26.13
SVK,Slovak Republic,10P3HB,Per 1 000 inhabitants,2000,25.72
SVK,Slovak Republic,10P3HB,Per 1 000 inhabitants,1999,25.34
SVK,Slovak Republic,10P3HB,Per 1 000 inhabitants,1998,24.58
SVK,Slovak Republic,10P3HB,Per 1 000 inhabitants,1997,24.1
SVK,Slovak Republic,10P3HB,Per 1 000 inhabitants,1996,24.02
SVK,Slovak Republic,10P3HB,Per 1 000 inhabitants,1995,24.67
SVN,Slovenia,10P3HB,Per 1 000 inhabitants,1996,21.76
SVN,Slovenia,10P3HB,Per 1 000 inhabitants,1995,21.93
SVN,Slovenia,10P3HB,Per 1 000 inhabitants,2022,35.81
SVN,Slovenia,10P3HB,Per 1 000 inhabitants,2021,34.74
SVN,Slovenia,10P3HB,Per 1 000 inhabitants,2020,33.16
SVN,Slovenia,10P3HB,Per 1 000 inhabitants,2019,32.18
SVN,Slovenia,10P3HB,Per 1 000 inhabitants,2018,31.65
SVN,Slovenia,10P3HB,Per 1 000 inhabitants,2017,30.81
SVN,Slovenia,10P3HB,Per 1 000 inhabitants,2016,29.88
SVN,Slovenia,10P3HB,Per 1 000 inhabitants,2015,28.77
SVN,Slovenia,10P3HB,Per 1 000 inhabitants,2014,28.2
SVN,Slovenia,10P3HB,Per 1 000 inhabitants,2013,28.01
SVN,Slovenia,10P3HB,Per 1 000 inhabitants,2012,27.94
SVN,Slovenia,10P3HB,Per 1 000 inhabitants,2011,27.24
SVN,Slovenia,10P3HB,Per 1 000 inhabitants,2010,26.74
SVN,Slovenia,10P3HB,Per 1 000 inhabitants,2009,26.26
SVN,Slovenia,10P3HB,Per 1 000 inhabitants,2008,25.89
SVN,Slovenia,10P3HB,Per 1 000 inhabitants,2007,25.27
SVN,Slovenia,10P3HB,Per 1 000 inhabitants,2006,25
SVN,Slovenia,10P3HB,Per 1 000 inhabitants,2005,24.73
SVN,Slovenia,10P3HB,Per 1 000 inhabitants,2004,24.11
SVN,Slovenia,10P3HB,Per 1 000 inhabitants,2003,23.53
SVN,Slovenia,10P3HB,Per 1 000 inhabitants,2002,23.06
SVN,Slovenia,10P3HB,Per 1 000 inhabitants,2001,22.5
SVN,Slovenia,10P3HB,Per 1 000 inhabitants,2000,22.12
SVN,Slovenia,10P3HB,Per 1 000 inhabitants,1999,22.36
SVN,Slovenia,10P3HB,Per 1 000 inhabitants,1998,21.65
ESP,Spain,10P3HB,Per 1 000 inhabitants,2000,21.61
ROU,Romania,10P3HB,Per 1 000 inhabitants,2007,16.67
ROU,Romania,10P3HB,Per 1 000 inhabitants,2006,16.65
ROU,Romania,10P3HB,Per 1 000 inhabitants,2005,15.08
ROU,Romania,10P3HB,Per 1 000 inhabitants,2004,15.29
ROU,Romania,10P3HB,Per 1 000 inhabitants,2003,12.2
ROU,Romania,10P3HB,Per 1 000 inhabitants,2002,12.84
ROU,Romania,10P3HB,Per 1 000 inhabitants,2001,11
ROU,Romania,10P3HB,Per 1 000 inhabitants,2000,10.83
ROU,Romania,10P3HB,Per 1 000 inhabitants,1999,10.68
ROU,Romania,10P3HB,Per 1 000 inhabitants,1998,10.54
ROU,Romania,10P3HB,Per 1 000 inhabitants,1997,11.4
ROU,Romania,10P3HB,Per 1 000 inhabitants,1996,11.26
ROU,Romania,10P3HB,Per 1 000 inhabitants,1995,11.28
RUS,Russia,10P3HB,Per 1 000 inhabitants,2019,29.98
RUS,Russia,10P3HB,Per 1 000 inhabitants,2018,29.99
RUS,Russia,10P3HB,Per 1 000 inhabitants,2017,30.31
COL,Colombia,10P3HB,Per 1 000 inhabitants,2021,18.33
CRI,Costa Rica,10P3HB,Per 1 000 inhabitants,2010,15.24
FRA,France,10P3HB,Per 1 000 inhabitants,1962,29.51
DEU,Germany,10P3HB,Per 1 000 inhabitants,1997,46.7
HUN,Hungary,10P3HB,Per 1 000 inhabitants,1997,24.54
ITA,Italy,10P3HB,Per 1 000 inhabitants,1995,23.58
LTU,Lithuania,10P3HB,Per 1 000 inhabitants,1997,27.78
NOR,Norway,10P3HB,Per 1 000 inhabitants,1991,75.79
SVN,Slovenia,10P3HB,Per 1 000 inhabitants,1997,21.71
SWE,Sweden,10P3HB,Per 1 000 inhabitants,2021,82.47
CHE,Switzerland,10P3HB,Per 1 000 inhabitants,1995,52.45
TUR,Trkiye,10P3HB,Per 1 000 inhabitants,2018,17.53
USA,United States,10P3HB,Per 1 000 inhabitants,2012,61.83
BGR,Bulgaria,10P3HB,Per 1 000 inhabitants,2003,19.36
SWE,Sweden,10P3HB,Per 1 000 inhabitants,2005,80.73
SWE,Sweden,10P3HB,Per 1 000 inhabitants,2004,81.28
SWE,Sweden,10P3HB,Per 1 000 inhabitants,2003,81.38
SWE,Sweden,10P3HB,Per 1 000 inhabitants,2002,81.79
SWE,Sweden,10P3HB,Per 1 000 inhabitants,2001,80.37
SWE,Sweden,10P3HB,Per 1 000 inhabitants,2000,80.7
SWE,Sweden,10P3HB,Per 1 000 inhabitants,1999,79.25
SWE,Sweden,10P3HB,Per 1 000 inhabitants,1998,77.96
SWE,Sweden,10P3HB,Per 1 000 inhabitants,1997,76.64
SWE,Sweden,10P3HB,Per 1 000 inhabitants,1996,77.14
SWE,Sweden,10P3HB,Per 1 000 inhabitants,1995,77.72
SWE,Sweden,10P3HB,Per 1 000 inhabitants,1994,75.39
SWE,Sweden,10P3HB,Per 1 000 inhabitants,1993,76.16
CHE,Switzerland,10P3HB,Per 1 000 inhabitants,2023,86.76
CHE,Switzerland,10P3HB,Per 1 000 inhabitants,2022,85.22
CHE,Switzerland,10P3HB,Per 1 000 inhabitants,2021,84.81
CHE,Switzerland,10P3HB,Per 1 000 inhabitants,2020,83.25
CHE,Switzerland,10P3HB,Per 1 000 inhabitants,2019,82.74
CHE,Switzerland,10P3HB,Per 1 000 inhabitants,2018,82.01
CHE,Switzerland,10P3HB,Per 1 000 inhabitants,2017,80.76
CHE,Switzerland,10P3HB,Per 1 000 inhabitants,2016,79.55
CHE,Switzerland,10P3HB,Per 1 000 inhabitants,2015,77.02
CHE,Switzerland,10P3HB,Per 1 000 inhabitants,2014,74.51
CHE,Switzerland,10P3HB,Per 1 000 inhabitants,2013,73.56
CHE,Switzerland,10P3HB,Per 1 000 inhabitants,2012,72.2
CHE,Switzerland,10P3HB,Per 1 000 inhabitants,2011,69.97
CHE,Switzerland,10P3HB,Per 1 000 inhabitants,2010,67.56
CHE,Switzerland,10P3HB,Per 1 000 inhabitants,2009,66.83
CHE,Switzerland,10P3HB,Per 1 000 inhabitants,2008,65.65
CHE,Switzerland,10P3HB,Per 1 000 inhabitants,2007,64.29
CHE,Switzerland,10P3HB,Per 1 000 inhabitants,2006,63.84
CHE,Switzerland,10P3HB,Per 1 000 inhabitants,2005,62.86
CHE,Switzerland,10P3HB,Per 1 000 inhabitants,2004,61.54
CHE,Switzerland,10P3HB,Per 1 000 inhabitants,2003,60.85
CHE,Switzerland,10P3HB,Per 1 000 inhabitants,2002,59.23
CHE,Switzerland,10P3HB,Per 1 000 inhabitants,2001,58.55
CHE,Switzerland,10P3HB,Per 1 000 inhabitants,2000,58.12
CHE,Switzerland,10P3HB,Per 1 000 inhabitants,1999,57.03
CHE,Switzerland,10P3HB,Per 1 000 inhabitants,1998,56.59
CHE,Switzerland,10P3HB,Per 1 000 inhabitants,1997,55.37
CHE,Switzerland,10P3HB,Per 1 000 inhabitants,1996,53.76
TUR,Trkiye,10P3HB,Per 1 000 inhabitants,2017,14.77
TUR,Trkiye,10P3HB,Per 1 000 inhabitants,2016,14.16
TUR,Trkiye,10P3HB,Per 1 000 inhabitants,2015,13.5
TUR,Trkiye,10P3HB,Per 1 000 inhabitants,2014,12.62
TUR,Trkiye,10P3HB,Per 1 000 inhabitants,2013,11.27
TUR,Trkiye,10P3HB,Per 1 000 inhabitants,2012,10.75
TUR,Trkiye,10P3HB,Per 1 000 inhabitants,2011,9.33
TUR,Trkiye,10P3HB,Per 1 000 inhabitants,2010,8.07
TUR,Trkiye,10P3HB,Per 1 000 inhabitants,2009,8.2
TUR,Trkiye,10P3HB,Per 1 000 inhabitants,2023,23.21
TUR,Trkiye,10P3HB,Per 1 000 inhabitants,2022,21.66
TUR,Trkiye,10P3HB,Per 1 000 inhabitants,2021,19.07
TUR,Trkiye,10P3HB,Per 1 000 inhabitants,2020,17.59
TUR,Trkiye,10P3HB,Per 1 000 inhabitants,2019,18.06
GBR,United Kingdom,10P3HB,Per 1 000 inhabitants,2000,47.27
GBR,United Kingdom,10P3HB,Per 1 000 inhabitants,1999,46.21
GBR,United Kingdom,10P3HB,Per 1 000 inhabitants,1998,45.8
GBR,United Kingdom,10P3HB,Per 1 000 inhabitants,1997,46.34
GBR,United Kingdom,10P3HB,Per 1 000 inhabitants,1996,46.14
GBR,United Kingdom,10P3HB,Per 1 000 inhabitants,1995,45.84
GBR,United Kingdom,10P3HB,Per 1 000 inhabitants,2015,59.37
GBR,United Kingdom,10P3HB,Per 1 000 inhabitants,2014,59.41
GBR,United Kingdom,10P3HB,Per 1 000 inhabitants,2013,59.41
GBR,United Kingdom,10P3HB,Per 1 000 inhabitants,2012,58.25
GBR,United Kingdom,10P3HB,Per 1 000 inhabitants,2011,58.3
GBR,United Kingdom,10P3HB,Per 1 000 inhabitants,2010,58.04
GBR,United Kingdom,10P3HB,Per 1 000 inhabitants,2009,55.99
GBR,United Kingdom,10P3HB,Per 1 000 inhabitants,2008,54.73
GBR,United Kingdom,10P3HB,Per 1 000 inhabitants,2007,53.87
GBR,United Kingdom,10P3HB,Per 1 000 inhabitants,2006,54.34
GBR,United Kingdom,10P3HB,Per 1 000 inhabitants,2005,53.28
GBR,United Kingdom,10P3HB,Per 1 000 inhabitants,2004,52.18
GBR,United Kingdom,10P3HB,Per 1 000 inhabitants,2003,50.38
GBR,United Kingdom,10P3HB,Per 1 000 inhabitants,2002,49.45
GBR,United Kingdom,10P3HB,Per 1 000 inhabitants,2001,48.3
GBR,United Kingdom,10P3HB,Per 1 000 inhabitants,2022,61.85
GBR,United Kingdom,10P3HB,Per 1 000 inhabitants,2021,62.55
GBR,United Kingdom,10P3HB,Per 1 000 inhabitants,2020,61.43
GBR,United Kingdom,10P3HB,Per 1 000 inhabitants,2019,60.29
GBR,United Kingdom,10P3HB,Per 1 000 inhabitants,2018,59.88
GBR,United Kingdom,10P3HB,Per 1 000 inhabitants,2017,59.77
GBR,United Kingdom,10P3HB,Per 1 000 inhabitants,2016,59.16
USA,United States,10P3HB,Per 1 000 inhabitants,2011,60.67
USA,United States,10P3HB,Per 1 000 inhabitants,2010,61.13
USA,United States,10P3HB,Per 1 000 inhabitants,2009,60.73
USA,United States,10P3HB,Per 1 000 inhabitants,2008,59.97
USA,United States,10P3HB,Per 1 000 inhabitants,2007,59.2
USA,United States,10P3HB,Per 1 000 inhabitants,2006,58.37
USA,United States,10P3HB,Per 1 000 inhabitants,2005,57.23
USA,United States,10P3HB,Per 1 000 inhabitants,2004,56.9
USA,United States,10P3HB,Per 1 000 inhabitants,2003,56.64
USA,United States,10P3HB,Per 1 000 inhabitants,2002,55.28
USA,United States,10P3HB,Per 1 000 inhabitants,2001,53.73
USA,United States,10P3HB,Per 1 000 inhabitants,2000,52.92
USA,United States,10P3HB,Per 1 000 inhabitants,2022,64.56
USA,United States,10P3HB,Per 1 000 inhabitants,2021,63.86
USA,United States,10P3HB,Per 1 000 inhabitants,2020,62.56
USA,United States,10P3HB,Per 1 000 inhabitants,2019,66.1
USA,United States,10P3HB,Per 1 000 inhabitants,2018,64.66
USA,United States,10P3HB,Per 1 000 inhabitants,2017,63.72
USA,United States,10P3HB,Per 1 000 inhabitants,2016,63.73
USA,United States,10P3HB,Per 1 000 inhabitants,2015,62.59
USA,United States,10P3HB,Per 1 000 inhabitants,2014,61.49
USA,United States,10P3HB,Per 1 000 inhabitants,2013,61.89
BGR,Bulgaria,10P3HB,Per 1 000 inhabitants,2002,18.84
BGR,Bulgaria,10P3HB,Per 1 000 inhabitants,2001,18.26
BGR,Bulgaria,10P3HB,Per 1 000 inhabitants,2000,18.16
BGR,Bulgaria,10P3HB,Per 1 000 inhabitants,1999,18.14
BGR,Bulgaria,10P3HB,Per 1 000 inhabitants,1998,18.22
HRV,Croatia,10P3HB,Per 1 000 inhabitants,2002,19.02
HRV,Croatia,10P3HB,Per 1 000 inhabitants,2001,19.14
HRV,Croatia,10P3HB,Per 1 000 inhabitants,2022,27.7
HRV,Croatia,10P3HB,Per 1 000 inhabitants,2021,27.64
HRV,Croatia,10P3HB,Per 1 000 inhabitants,2020,26.62
HRV,Croatia,10P3HB,Per 1 000 inhabitants,2019,26.95
HRV,Croatia,10P3HB,Per 1 000 inhabitants,2018,24.97
HRV,Croatia,10P3HB,Per 1 000 inhabitants,2017,24.03
HRV,Croatia,10P3HB,Per 1 000 inhabitants,2016,23.07
ROU,Romania,10P3HB,Per 1 000 inhabitants,2023,21.43
ROU,Romania,10P3HB,Per 1 000 inhabitants,2022,22.67
ROU,Romania,10P3HB,Per 1 000 inhabitants,2021,21.98
ROU,Romania,10P3HB,Per 1 000 inhabitants,2020,21.32
ROU,Romania,10P3HB,Per 1 000 inhabitants,2019,21.39
ROU,Romania,10P3HB,Per 1 000 inhabitants,2018,20.6
ROU,Romania,10P3HB,Per 1 000 inhabitants,2017,20.38
ROU,Romania,10P3HB,Per 1 000 inhabitants,2016,19.28
ROU,Romania,10P3HB,Per 1 000 inhabitants,2015,19.06
ROU,Romania,10P3HB,Per 1 000 inhabitants,2014,18.03
ROU,Romania,10P3HB,Per 1 000 inhabitants,2013,17.27
ROU,Romania,10P3HB,Per 1 000 inhabitants,2012,17.28
ROU,Romania,10P3HB,Per 1 000 inhabitants,2011,18.02
ROU,Romania,10P3HB,Per 1 000 inhabitants,2010,17.99
ROU,Romania,10P3HB,Per 1 000 inhabitants,2009,18
ROU,Romania,10P3HB,Per 1 000 inhabitants,2008,17.49
HRV,Croatia,10P3HB,Per 1 000 inhabitants,2003,19.06